Date,From,To,"Lab Number","Workshop Details","Faculty Name"
,,,,,
2017-11-01,09:00,17:00,AB1-205,qwerty,abc
2017-11-01,17:00,17:30,AB1-205,"vbn,",y
2017-11-01,17:30,17:45,AB1-205,lkj,p
2017-11-01,18:01,20:00,AB1-205,p,q
2017-11-03,09:00,16:00,AB1-207,xyz,abc
2017-11-06,08:30,14:45,AB1-210,asdfg,xyz
2017-11-21,09:00,16:00,AB1-205,rq3qedfqer,fqfr13f
2017-11-25,09:00,16:00,AB1-208,ojb,iuhiuh
